{
    "RPT": {
        "ScanTime": "0.831 sec.",
        "ScanFile": "20190811_ideiasbrilhantes_4ac1eee605ccd7266615_20190811161536_scan.json",
        "ScanCreated": "2019-08-11 16:15:41",
        "ScanPath": "\/home\/ideias\/public_html\/wp-content\/backups-dup-pro\/tmp\/20190811_ideiasbrilhantes_4ac1eee605ccd7266615_20190811161536_scan.json"
    },
    "SRV": {
        "Brand": {
            "LogoAttachmentExists": false,
            "LogoCount": 0,
            "LogoFinded": 0,
            "LogoImageExists": true,
            "LogoImages": [],
            "Name": "Default",
            "Notes": "The default content used when a brand is not defined"
        },
        "PHP": {
            "websrv": true,
            "openbase": true,
            "maxtime": true,
            "openssl": true,
            "mysqli": true,
            "allowurlfopen": true,
            "curlavailable": true,
            "version": true,
            "ALL": "Good"
        },
        "WP": {
            "version": true,
            "core": true,
            "ismu": false,
            "ismuplus": true,
            "ALL": "Good"
        }
    },
    "ARC": {
        "Size": "206.71MB",
        "DirCount": "2,209",
        "FileCount": "12,371",
        "FullCount": "14,580",
        "USize": 216749389,
        "UDirCount": 2209,
        "UFileCount": 12371,
        "UFullCount": 14580,
        "WarnFileCount": 0,
        "WarnDirCount": 0,
        "UnreadableDirCount": 0,
        "UnreadableFileCount": 0,
        "FilterDirsAll": [
            "\/home\/ideias\/public_html\/wp-content\/ai1wm-backups",
            "\/home\/ideias\/public_html\/wp-content\/backups-dup-pro",
            "\/home\/ideias\/public_html\/wp-content\/backupwordpress",
            "\/home\/ideias\/public_html\/wp-content\/cache",
            "\/home\/ideias\/public_html\/wp-content\/content\/cache",
            "\/home\/ideias\/public_html\/wp-content\/contents\/cache",
            "\/home\/ideias\/public_html\/wp-content\/infinitewp\/backups",
            "\/home\/ideias\/public_html\/wp-content\/managewp\/backups",
            "\/home\/ideias\/public_html\/wp-content\/old-cache",
            "\/home\/ideias\/public_html\/wp-content\/plugins\/all-in-one-wp-migration\/storage",
            "\/home\/ideias\/public_html\/wp-content\/plugins\/really-simple-captcha\/tmp",
            "\/home\/ideias\/public_html\/wp-content\/plugins\/wordfence\/tmp",
            "\/home\/ideias\/public_html\/wp-content\/updraft",
            "\/home\/ideias\/public_html\/wp-content\/uploads\/aiowps_backups",
            "\/home\/ideias\/public_html\/wp-content\/uploads\/backup-guard",
            "\/home\/ideias\/public_html\/wp-content\/uploads\/backupbuddy_backups",
            "\/home\/ideias\/public_html\/wp-content\/uploads\/backupbuddy_temp",
            "\/home\/ideias\/public_html\/wp-content\/uploads\/ithemes-security\/backups",
            "\/home\/ideias\/public_html\/wp-content\/uploads\/mainwp\/backup",
            "\/home\/ideias\/public_html\/wp-content\/uploads\/pb_backupbuddy",
            "\/home\/ideias\/public_html\/wp-content\/uploads\/snapshots",
            "\/home\/ideias\/public_html\/wp-content\/uploads\/sucuri",
            "\/home\/ideias\/public_html\/wp-content\/uploads\/wp-clone",
            "\/home\/ideias\/public_html\/wp-content\/uploads\/wp_all_backup",
            "\/home\/ideias\/public_html\/wp-content\/uploads\/wpbackitup_backups",
            "\/home\/ideias\/public_html\/wp-content\/wfcache",
            "\/home\/ideias\/public_html\/wp-content\/wishlist-backup",
            "\/home\/ideias\/public_html\/wp-snapshots"
        ],
        "FilterFilesAll": [
            ".DS_Store",
            "\/home\/ideias\/public_html\/.htaccess",
            "\/home\/ideias\/public_html\/wp-config.php",
            "dbcache",
            "debug_log",
            "error.log",
            "error_log",
            "objectcache",
            "pgcache",
            "ws_ftp.log"
        ],
        "FilterExtsAll": [],
        "FilterInfo": {
            "Dirs": {
                "Warning": [],
                "Unreadable": [],
                "AddonSites": [],
                "Core": [
                    "\/home\/ideias\/public_html\/wp-content\/backups-dup-pro"
                ],
                "Global": [
                    "\/home\/ideias\/public_html\/wp-snapshots",
                    "\/home\/ideias\/public_html\/wp-content\/ai1wm-backups",
                    "\/home\/ideias\/public_html\/wp-content\/backupwordpress",
                    "\/home\/ideias\/public_html\/wp-content\/content\/cache",
                    "\/home\/ideias\/public_html\/wp-content\/contents\/cache",
                    "\/home\/ideias\/public_html\/wp-content\/infinitewp\/backups",
                    "\/home\/ideias\/public_html\/wp-content\/managewp\/backups",
                    "\/home\/ideias\/public_html\/wp-content\/old-cache",
                    "\/home\/ideias\/public_html\/wp-content\/plugins\/all-in-one-wp-migration\/storage",
                    "\/home\/ideias\/public_html\/wp-content\/updraft",
                    "\/home\/ideias\/public_html\/wp-content\/wishlist-backup",
                    "\/home\/ideias\/public_html\/wp-content\/wfcache",
                    "\/home\/ideias\/public_html\/wp-content\/plugins\/really-simple-captcha\/tmp",
                    "\/home\/ideias\/public_html\/wp-content\/plugins\/wordfence\/tmp",
                    "\/home\/ideias\/public_html\/wp-content\/cache",
                    "\/home\/ideias\/public_html\/wp-content\/uploads\/aiowps_backups",
                    "\/home\/ideias\/public_html\/wp-content\/uploads\/backupbuddy_temp",
                    "\/home\/ideias\/public_html\/wp-content\/uploads\/backupbuddy_backups",
                    "\/home\/ideias\/public_html\/wp-content\/uploads\/ithemes-security\/backups",
                    "\/home\/ideias\/public_html\/wp-content\/uploads\/mainwp\/backup",
                    "\/home\/ideias\/public_html\/wp-content\/uploads\/pb_backupbuddy",
                    "\/home\/ideias\/public_html\/wp-content\/uploads\/snapshots",
                    "\/home\/ideias\/public_html\/wp-content\/uploads\/sucuri",
                    "\/home\/ideias\/public_html\/wp-content\/uploads\/wp-clone",
                    "\/home\/ideias\/public_html\/wp-content\/uploads\/wp_all_backup",
                    "\/home\/ideias\/public_html\/wp-content\/uploads\/wpbackitup_backups",
                    "\/home\/ideias\/public_html\/wp-content\/uploads\/backup-guard"
                ],
                "Instance": []
            },
            "Files": {
                "Warning": [],
                "Unreadable": [],
                "Size": [],
                "Core": [],
                "Global": [
                    "error_log",
                    "error.log",
                    "debug_log",
                    "ws_ftp.log",
                    "dbcache",
                    "pgcache",
                    "objectcache",
                    ".DS_Store",
                    "\/home\/ideias\/public_html\/.htaccess",
                    "\/home\/ideias\/public_html\/wp-config.php"
                ],
                "Instance": []
            },
            "Exts": {
                "Core": [],
                "Global": [],
                "Instance": []
            },
            "TreeSize": {
                "text": "\/home\/ideias\/public_html",
                "fullPath": "\/home\/ideias\/public_html",
                "type": "folder",
                "state": {
                    "opened": true,
                    "disabled": false,
                    "selected": false,
                    "checked": false,
                    "checkbox_disabled": false
                },
                "children": [
                    {
                        "text": ".quarantine",
                        "fullPath": "\/home\/ideias\/public_html\/.quarantine",
                        "type": "folder",
                        "state": {
                            "opened": false,
                            "disabled": false,
                            "selected": false,
                            "checked": false,
                            "checkbox_disabled": false
                        },
                        "children": false,
                        "li_attr": {
                            "class": ""
                        },
                        "a_attr": []
                    },
                    {
                        "text": ".tmb",
                        "fullPath": "\/home\/ideias\/public_html\/.tmb",
                        "type": "folder",
                        "state": {
                            "opened": false,
                            "disabled": false,
                            "selected": false,
                            "checked": false,
                            "checkbox_disabled": false
                        },
                        "children": true,
                        "li_attr": {
                            "class": ""
                        },
                        "a_attr": []
                    },
                    {
                        "text": "cgi-bin",
                        "fullPath": "\/home\/ideias\/public_html\/cgi-bin",
                        "type": "folder",
                        "state": {
                            "opened": false,
                            "disabled": false,
                            "selected": false,
                            "checked": false,
                            "checkbox_disabled": false
                        },
                        "children": false,
                        "li_attr": {
                            "class": ""
                        },
                        "a_attr": []
                    },
                    {
                        "text": "wp-admin",
                        "fullPath": "\/home\/ideias\/public_html\/wp-admin",
                        "type": "folder",
                        "state": {
                            "opened": false,
                            "disabled": false,
                            "selected": false,
                            "checked": false,
                            "checkbox_disabled": false
                        },
                        "children": true,
                        "li_attr": {
                            "class": " core-node"
                        },
                        "a_attr": {
                            "title": "Core WordPress directories should not be filtered. Use caution when excluding files."
                        }
                    },
                    {
                        "text": "wp-content",
                        "fullPath": "\/home\/ideias\/public_html\/wp-content",
                        "type": "folder",
                        "state": {
                            "opened": false,
                            "disabled": false,
                            "selected": false,
                            "checked": false,
                            "checkbox_disabled": false
                        },
                        "children": true,
                        "li_attr": {
                            "class": " core-node"
                        },
                        "a_attr": {
                            "title": "Core WordPress directories should not be filtered. Use caution when excluding files."
                        }
                    },
                    {
                        "text": "wp-includes",
                        "fullPath": "\/home\/ideias\/public_html\/wp-includes",
                        "type": "folder",
                        "state": {
                            "opened": false,
                            "disabled": false,
                            "selected": false,
                            "checked": false,
                            "checkbox_disabled": false
                        },
                        "children": true,
                        "li_attr": {
                            "class": " core-node"
                        },
                        "a_attr": {
                            "title": "Core WordPress directories should not be filtered. Use caution when excluding files."
                        }
                    },
                    {
                        "text": ".htaccess",
                        "fullPath": "\/home\/ideias\/public_html\/.htaccess",
                        "type": "file",
                        "state": {
                            "opened": false,
                            "disabled": false,
                            "selected": false,
                            "checked": false,
                            "checkbox_disabled": true
                        },
                        "children": null,
                        "li_attr": {
                            "class": " filtered-node"
                        },
                        "a_attr": {
                            "title": "This file is filtered."
                        }
                    },
                    {
                        "text": ".htaccess-190802101602.orig",
                        "fullPath": "\/home\/ideias\/public_html\/.htaccess-190802101602.orig",
                        "type": "file",
                        "state": {
                            "opened": false,
                            "disabled": false,
                            "selected": false,
                            "checked": false,
                            "checkbox_disabled": false
                        },
                        "children": null,
                        "li_attr": {
                            "class": ""
                        },
                        "a_attr": []
                    },
                    {
                        "text": "htaccess.orig1073468669",
                        "fullPath": "\/home\/ideias\/public_html\/htaccess.orig1073468669",
                        "type": "file",
                        "state": {
                            "opened": false,
                            "disabled": false,
                            "selected": false,
                            "checked": false,
                            "checkbox_disabled": false
                        },
                        "children": null,
                        "li_attr": {
                            "class": ""
                        },
                        "a_attr": []
                    },
                    {
                        "text": "htaccess.orig1836633169",
                        "fullPath": "\/home\/ideias\/public_html\/htaccess.orig1836633169",
                        "type": "file",
                        "state": {
                            "opened": false,
                            "disabled": false,
                            "selected": false,
                            "checked": false,
                            "checkbox_disabled": false
                        },
                        "children": null,
                        "li_attr": {
                            "class": ""
                        },
                        "a_attr": []
                    },
                    {
                        "text": "index.php",
                        "fullPath": "\/home\/ideias\/public_html\/index.php",
                        "type": "file",
                        "state": {
                            "opened": false,
                            "disabled": false,
                            "selected": false,
                            "checked": false,
                            "checkbox_disabled": false
                        },
                        "children": null,
                        "li_attr": {
                            "class": ""
                        },
                        "a_attr": []
                    },
                    {
                        "text": "license.txt",
                        "fullPath": "\/home\/ideias\/public_html\/license.txt",
                        "type": "file",
                        "state": {
                            "opened": false,
                            "disabled": false,
                            "selected": false,
                            "checked": false,
                            "checkbox_disabled": false
                        },
                        "children": null,
                        "li_attr": {
                            "class": ""
                        },
                        "a_attr": []
                    },
                    {
                        "text": "readme.html",
                        "fullPath": "\/home\/ideias\/public_html\/readme.html",
                        "type": "file",
                        "state": {
                            "opened": false,
                            "disabled": false,
                            "selected": false,
                            "checked": false,
                            "checkbox_disabled": false
                        },
                        "children": null,
                        "li_attr": {
                            "class": ""
                        },
                        "a_attr": []
                    },
                    {
                        "text": "wp-activate.php",
                        "fullPath": "\/home\/ideias\/public_html\/wp-activate.php",
                        "type": "file",
                        "state": {
                            "opened": false,
                            "disabled": false,
                            "selected": false,
                            "checked": false,
                            "checkbox_disabled": false
                        },
                        "children": null,
                        "li_attr": {
                            "class": ""
                        },
                        "a_attr": []
                    },
                    {
                        "text": "wp-blog-header.php",
                        "fullPath": "\/home\/ideias\/public_html\/wp-blog-header.php",
                        "type": "file",
                        "state": {
                            "opened": false,
                            "disabled": false,
                            "selected": false,
                            "checked": false,
                            "checkbox_disabled": false
                        },
                        "children": null,
                        "li_attr": {
                            "class": ""
                        },
                        "a_attr": []
                    },
                    {
                        "text": "wp-comments-post.php",
                        "fullPath": "\/home\/ideias\/public_html\/wp-comments-post.php",
                        "type": "file",
                        "state": {
                            "opened": false,
                            "disabled": false,
                            "selected": false,
                            "checked": false,
                            "checkbox_disabled": false
                        },
                        "children": null,
                        "li_attr": {
                            "class": ""
                        },
                        "a_attr": []
                    },
                    {
                        "text": "wp-config-sample.php",
                        "fullPath": "\/home\/ideias\/public_html\/wp-config-sample.php",
                        "type": "file",
                        "state": {
                            "opened": false,
                            "disabled": false,
                            "selected": false,
                            "checked": false,
                            "checkbox_disabled": false
                        },
                        "children": null,
                        "li_attr": {
                            "class": ""
                        },
                        "a_attr": []
                    },
                    {
                        "text": "wp-config.php",
                        "fullPath": "\/home\/ideias\/public_html\/wp-config.php",
                        "type": "file",
                        "state": {
                            "opened": false,
                            "disabled": false,
                            "selected": false,
                            "checked": false,
                            "checkbox_disabled": true
                        },
                        "children": null,
                        "li_attr": {
                            "class": " filtered-node"
                        },
                        "a_attr": {
                            "title": "This file is filtered."
                        }
                    },
                    {
                        "text": "wp-cron.php",
                        "fullPath": "\/home\/ideias\/public_html\/wp-cron.php",
                        "type": "file",
                        "state": {
                            "opened": false,
                            "disabled": false,
                            "selected": false,
                            "checked": false,
                            "checkbox_disabled": false
                        },
                        "children": null,
                        "li_attr": {
                            "class": ""
                        },
                        "a_attr": []
                    },
                    {
                        "text": "wp-links-opml.php",
                        "fullPath": "\/home\/ideias\/public_html\/wp-links-opml.php",
                        "type": "file",
                        "state": {
                            "opened": false,
                            "disabled": false,
                            "selected": false,
                            "checked": false,
                            "checkbox_disabled": false
                        },
                        "children": null,
                        "li_attr": {
                            "class": ""
                        },
                        "a_attr": []
                    },
                    {
                        "text": "wp-load.php",
                        "fullPath": "\/home\/ideias\/public_html\/wp-load.php",
                        "type": "file",
                        "state": {
                            "opened": false,
                            "disabled": false,
                            "selected": false,
                            "checked": false,
                            "checkbox_disabled": false
                        },
                        "children": null,
                        "li_attr": {
                            "class": ""
                        },
                        "a_attr": []
                    },
                    {
                        "text": "wp-login.php",
                        "fullPath": "\/home\/ideias\/public_html\/wp-login.php",
                        "type": "file",
                        "state": {
                            "opened": false,
                            "disabled": false,
                            "selected": false,
                            "checked": false,
                            "checkbox_disabled": false
                        },
                        "children": null,
                        "li_attr": {
                            "class": ""
                        },
                        "a_attr": []
                    },
                    {
                        "text": "wp-mail.php",
                        "fullPath": "\/home\/ideias\/public_html\/wp-mail.php",
                        "type": "file",
                        "state": {
                            "opened": false,
                            "disabled": false,
                            "selected": false,
                            "checked": false,
                            "checkbox_disabled": false
                        },
                        "children": null,
                        "li_attr": {
                            "class": ""
                        },
                        "a_attr": []
                    },
                    {
                        "text": "wp-settings.php",
                        "fullPath": "\/home\/ideias\/public_html\/wp-settings.php",
                        "type": "file",
                        "state": {
                            "opened": false,
                            "disabled": false,
                            "selected": false,
                            "checked": false,
                            "checkbox_disabled": false
                        },
                        "children": null,
                        "li_attr": {
                            "class": ""
                        },
                        "a_attr": []
                    },
                    {
                        "text": "wp-signup.php",
                        "fullPath": "\/home\/ideias\/public_html\/wp-signup.php",
                        "type": "file",
                        "state": {
                            "opened": false,
                            "disabled": false,
                            "selected": false,
                            "checked": false,
                            "checkbox_disabled": false
                        },
                        "children": null,
                        "li_attr": {
                            "class": ""
                        },
                        "a_attr": []
                    },
                    {
                        "text": "wp-trackback.php",
                        "fullPath": "\/home\/ideias\/public_html\/wp-trackback.php",
                        "type": "file",
                        "state": {
                            "opened": false,
                            "disabled": false,
                            "selected": false,
                            "checked": false,
                            "checkbox_disabled": false
                        },
                        "children": null,
                        "li_attr": {
                            "class": ""
                        },
                        "a_attr": []
                    },
                    {
                        "text": "xmlrpc.php",
                        "fullPath": "\/home\/ideias\/public_html\/xmlrpc.php",
                        "type": "file",
                        "state": {
                            "opened": false,
                            "disabled": false,
                            "selected": false,
                            "checked": false,
                            "checkbox_disabled": false
                        },
                        "children": null,
                        "li_attr": {
                            "class": ""
                        },
                        "a_attr": []
                    }
                ],
                "li_attr": {
                    "class": " root-node core-node"
                },
                "a_attr": {
                    "title": "Core WordPress directories should not be filtered. Use caution when excluding files."
                }
            },
            "TreeWarning": {
                "text": "\/home\/ideias\/public_html",
                "fullPath": "\/home\/ideias\/public_html",
                "type": "folder",
                "state": {
                    "opened": true,
                    "disabled": false,
                    "selected": false,
                    "checked": false,
                    "checkbox_disabled": false
                },
                "children": [
                    {
                        "text": ".quarantine",
                        "fullPath": "\/home\/ideias\/public_html\/.quarantine",
                        "type": "folder",
                        "state": {
                            "opened": false,
                            "disabled": false,
                            "selected": false,
                            "checked": false,
                            "checkbox_disabled": false
                        },
                        "children": false,
                        "li_attr": {
                            "class": ""
                        },
                        "a_attr": []
                    },
                    {
                        "text": ".tmb",
                        "fullPath": "\/home\/ideias\/public_html\/.tmb",
                        "type": "folder",
                        "state": {
                            "opened": false,
                            "disabled": false,
                            "selected": false,
                            "checked": false,
                            "checkbox_disabled": false
                        },
                        "children": true,
                        "li_attr": {
                            "class": ""
                        },
                        "a_attr": []
                    },
                    {
                        "text": "cgi-bin",
                        "fullPath": "\/home\/ideias\/public_html\/cgi-bin",
                        "type": "folder",
                        "state": {
                            "opened": false,
                            "disabled": false,
                            "selected": false,
                            "checked": false,
                            "checkbox_disabled": false
                        },
                        "children": false,
                        "li_attr": {
                            "class": ""
                        },
                        "a_attr": []
                    },
                    {
                        "text": "wp-admin",
                        "fullPath": "\/home\/ideias\/public_html\/wp-admin",
                        "type": "folder",
                        "state": {
                            "opened": false,
                            "disabled": false,
                            "selected": false,
                            "checked": false,
                            "checkbox_disabled": false
                        },
                        "children": true,
                        "li_attr": {
                            "class": " core-node"
                        },
                        "a_attr": {
                            "title": "Core WordPress directories should not be filtered. Use caution when excluding files."
                        }
                    },
                    {
                        "text": "wp-content",
                        "fullPath": "\/home\/ideias\/public_html\/wp-content",
                        "type": "folder",
                        "state": {
                            "opened": false,
                            "disabled": false,
                            "selected": false,
                            "checked": false,
                            "checkbox_disabled": false
                        },
                        "children": true,
                        "li_attr": {
                            "class": " core-node"
                        },
                        "a_attr": {
                            "title": "Core WordPress directories should not be filtered. Use caution when excluding files."
                        }
                    },
                    {
                        "text": "wp-includes",
                        "fullPath": "\/home\/ideias\/public_html\/wp-includes",
                        "type": "folder",
                        "state": {
                            "opened": false,
                            "disabled": false,
                            "selected": false,
                            "checked": false,
                            "checkbox_disabled": false
                        },
                        "children": true,
                        "li_attr": {
                            "class": " core-node"
                        },
                        "a_attr": {
                            "title": "Core WordPress directories should not be filtered. Use caution when excluding files."
                        }
                    },
                    {
                        "text": ".htaccess",
                        "fullPath": "\/home\/ideias\/public_html\/.htaccess",
                        "type": "file",
                        "state": {
                            "opened": false,
                            "disabled": false,
                            "selected": false,
                            "checked": false,
                            "checkbox_disabled": true
                        },
                        "children": null,
                        "li_attr": {
                            "class": " filtered-node"
                        },
                        "a_attr": {
                            "title": "This file is filtered."
                        }
                    },
                    {
                        "text": ".htaccess-190802101602.orig",
                        "fullPath": "\/home\/ideias\/public_html\/.htaccess-190802101602.orig",
                        "type": "file",
                        "state": {
                            "opened": false,
                            "disabled": false,
                            "selected": false,
                            "checked": false,
                            "checkbox_disabled": false
                        },
                        "children": null,
                        "li_attr": {
                            "class": ""
                        },
                        "a_attr": []
                    },
                    {
                        "text": "htaccess.orig1073468669",
                        "fullPath": "\/home\/ideias\/public_html\/htaccess.orig1073468669",
                        "type": "file",
                        "state": {
                            "opened": false,
                            "disabled": false,
                            "selected": false,
                            "checked": false,
                            "checkbox_disabled": false
                        },
                        "children": null,
                        "li_attr": {
                            "class": ""
                        },
                        "a_attr": []
                    },
                    {
                        "text": "htaccess.orig1836633169",
                        "fullPath": "\/home\/ideias\/public_html\/htaccess.orig1836633169",
                        "type": "file",
                        "state": {
                            "opened": false,
                            "disabled": false,
                            "selected": false,
                            "checked": false,
                            "checkbox_disabled": false
                        },
                        "children": null,
                        "li_attr": {
                            "class": ""
                        },
                        "a_attr": []
                    },
                    {
                        "text": "index.php",
                        "fullPath": "\/home\/ideias\/public_html\/index.php",
                        "type": "file",
                        "state": {
                            "opened": false,
                            "disabled": false,
                            "selected": false,
                            "checked": false,
                            "checkbox_disabled": false
                        },
                        "children": null,
                        "li_attr": {
                            "class": ""
                        },
                        "a_attr": []
                    },
                    {
                        "text": "license.txt",
                        "fullPath": "\/home\/ideias\/public_html\/license.txt",
                        "type": "file",
                        "state": {
                            "opened": false,
                            "disabled": false,
                            "selected": false,
                            "checked": false,
                            "checkbox_disabled": false
                        },
                        "children": null,
                        "li_attr": {
                            "class": ""
                        },
                        "a_attr": []
                    },
                    {
                        "text": "readme.html",
                        "fullPath": "\/home\/ideias\/public_html\/readme.html",
                        "type": "file",
                        "state": {
                            "opened": false,
                            "disabled": false,
                            "selected": false,
                            "checked": false,
                            "checkbox_disabled": false
                        },
                        "children": null,
                        "li_attr": {
                            "class": ""
                        },
                        "a_attr": []
                    },
                    {
                        "text": "wp-activate.php",
                        "fullPath": "\/home\/ideias\/public_html\/wp-activate.php",
                        "type": "file",
                        "state": {
                            "opened": false,
                            "disabled": false,
                            "selected": false,
                            "checked": false,
                            "checkbox_disabled": false
                        },
                        "children": null,
                        "li_attr": {
                            "class": ""
                        },
                        "a_attr": []
                    },
                    {
                        "text": "wp-blog-header.php",
                        "fullPath": "\/home\/ideias\/public_html\/wp-blog-header.php",
                        "type": "file",
                        "state": {
                            "opened": false,
                            "disabled": false,
                            "selected": false,
                            "checked": false,
                            "checkbox_disabled": false
                        },
                        "children": null,
                        "li_attr": {
                            "class": ""
                        },
                        "a_attr": []
                    },
                    {
                        "text": "wp-comments-post.php",
                        "fullPath": "\/home\/ideias\/public_html\/wp-comments-post.php",
                        "type": "file",
                        "state": {
                            "opened": false,
                            "disabled": false,
                            "selected": false,
                            "checked": false,
                            "checkbox_disabled": false
                        },
                        "children": null,
                        "li_attr": {
                            "class": ""
                        },
                        "a_attr": []
                    },
                    {
                        "text": "wp-config-sample.php",
                        "fullPath": "\/home\/ideias\/public_html\/wp-config-sample.php",
                        "type": "file",
                        "state": {
                            "opened": false,
                            "disabled": false,
                            "selected": false,
                            "checked": false,
                            "checkbox_disabled": false
                        },
                        "children": null,
                        "li_attr": {
                            "class": ""
                        },
                        "a_attr": []
                    },
                    {
                        "text": "wp-config.php",
                        "fullPath": "\/home\/ideias\/public_html\/wp-config.php",
                        "type": "file",
                        "state": {
                            "opened": false,
                            "disabled": false,
                            "selected": false,
                            "checked": false,
                            "checkbox_disabled": true
                        },
                        "children": null,
                        "li_attr": {
                            "class": " filtered-node"
                        },
                        "a_attr": {
                            "title": "This file is filtered."
                        }
                    },
                    {
                        "text": "wp-cron.php",
                        "fullPath": "\/home\/ideias\/public_html\/wp-cron.php",
                        "type": "file",
                        "state": {
                            "opened": false,
                            "disabled": false,
                            "selected": false,
                            "checked": false,
                            "checkbox_disabled": false
                        },
                        "children": null,
                        "li_attr": {
                            "class": ""
                        },
                        "a_attr": []
                    },
                    {
                        "text": "wp-links-opml.php",
                        "fullPath": "\/home\/ideias\/public_html\/wp-links-opml.php",
                        "type": "file",
                        "state": {
                            "opened": false,
                            "disabled": false,
                            "selected": false,
                            "checked": false,
                            "checkbox_disabled": false
                        },
                        "children": null,
                        "li_attr": {
                            "class": ""
                        },
                        "a_attr": []
                    },
                    {
                        "text": "wp-load.php",
                        "fullPath": "\/home\/ideias\/public_html\/wp-load.php",
                        "type": "file",
                        "state": {
                            "opened": false,
                            "disabled": false,
                            "selected": false,
                            "checked": false,
                            "checkbox_disabled": false
                        },
                        "children": null,
                        "li_attr": {
                            "class": ""
                        },
                        "a_attr": []
                    },
                    {
                        "text": "wp-login.php",
                        "fullPath": "\/home\/ideias\/public_html\/wp-login.php",
                        "type": "file",
                        "state": {
                            "opened": false,
                            "disabled": false,
                            "selected": false,
                            "checked": false,
                            "checkbox_disabled": false
                        },
                        "children": null,
                        "li_attr": {
                            "class": ""
                        },
                        "a_attr": []
                    },
                    {
                        "text": "wp-mail.php",
                        "fullPath": "\/home\/ideias\/public_html\/wp-mail.php",
                        "type": "file",
                        "state": {
                            "opened": false,
                            "disabled": false,
                            "selected": false,
                            "checked": false,
                            "checkbox_disabled": false
                        },
                        "children": null,
                        "li_attr": {
                            "class": ""
                        },
                        "a_attr": []
                    },
                    {
                        "text": "wp-settings.php",
                        "fullPath": "\/home\/ideias\/public_html\/wp-settings.php",
                        "type": "file",
                        "state": {
                            "opened": false,
                            "disabled": false,
                            "selected": false,
                            "checked": false,
                            "checkbox_disabled": false
                        },
                        "children": null,
                        "li_attr": {
                            "class": ""
                        },
                        "a_attr": []
                    },
                    {
                        "text": "wp-signup.php",
                        "fullPath": "\/home\/ideias\/public_html\/wp-signup.php",
                        "type": "file",
                        "state": {
                            "opened": false,
                            "disabled": false,
                            "selected": false,
                            "checked": false,
                            "checkbox_disabled": false
                        },
                        "children": null,
                        "li_attr": {
                            "class": ""
                        },
                        "a_attr": []
                    },
                    {
                        "text": "wp-trackback.php",
                        "fullPath": "\/home\/ideias\/public_html\/wp-trackback.php",
                        "type": "file",
                        "state": {
                            "opened": false,
                            "disabled": false,
                            "selected": false,
                            "checked": false,
                            "checkbox_disabled": false
                        },
                        "children": null,
                        "li_attr": {
                            "class": ""
                        },
                        "a_attr": []
                    },
                    {
                        "text": "xmlrpc.php",
                        "fullPath": "\/home\/ideias\/public_html\/xmlrpc.php",
                        "type": "file",
                        "state": {
                            "opened": false,
                            "disabled": false,
                            "selected": false,
                            "checked": false,
                            "checkbox_disabled": false
                        },
                        "children": null,
                        "li_attr": {
                            "class": ""
                        },
                        "a_attr": []
                    }
                ],
                "li_attr": {
                    "class": " root-node core-node"
                },
                "a_attr": {
                    "title": "Core WordPress directories should not be filtered. Use caution when excluding files."
                }
            }
        },
        "Status": {
            "Size": "Good",
            "Names": "Good",
            "Big": "Good",
            "AddonSites": "Good",
            "UnreadableItems": "Good"
        },
        "RecursiveLinks": [],
        "UnreadableItems": []
    },
    "DB": {
        "Status": {
            "Success": true,
            "Size": "Good",
            "Rows": "Good"
        },
        "Size": "9.87MB",
        "Rows": "5,600",
        "TableCount": 46,
        "TableList": {
            "wp9s_automatewoo_abandoned_carts": {
                "Case": 0,
                "Rows": "0",
                "Size": "13.47KB",
                "USize": 13796
            },
            "wp9s_automatewoo_customers": {
                "Case": 0,
                "Rows": "2",
                "Size": "9.82KB",
                "USize": 10052
            },
            "wp9s_automatewoo_events": {
                "Case": 0,
                "Rows": "0",
                "Size": "8.7KB",
                "USize": 8912
            },
            "wp9s_automatewoo_guest_meta": {
                "Case": 0,
                "Rows": "0",
                "Size": "21.43KB",
                "USize": 21940
            },
            "wp9s_automatewoo_guests": {
                "Case": 0,
                "Rows": "0",
                "Size": "16.88KB",
                "USize": 17288
            },
            "wp9s_automatewoo_log_meta": {
                "Case": 0,
                "Rows": "0",
                "Size": "24.67KB",
                "USize": 25260
            },
            "wp9s_automatewoo_logs": {
                "Case": 0,
                "Rows": "0",
                "Size": "6.11KB",
                "USize": 6260
            },
            "wp9s_automatewoo_queue": {
                "Case": 0,
                "Rows": "0",
                "Size": "5.64KB",
                "USize": 5780
            },
            "wp9s_automatewoo_queue_meta": {
                "Case": 0,
                "Rows": "0",
                "Size": "12.73KB",
                "USize": 13040
            },
            "wp9s_automatewoo_unsubscribes": {
                "Case": 0,
                "Rows": "0",
                "Size": "4KB",
                "USize": 4096
            },
            "wp9s_commentmeta": {
                "Case": 0,
                "Rows": "0",
                "Size": "4KB",
                "USize": 4096
            },
            "wp9s_comments": {
                "Case": 0,
                "Rows": "18",
                "Size": "51.62KB",
                "USize": 52856
            },
            "wp9s_duplicator_pro_entities": {
                "Case": 0,
                "Rows": "5",
                "Size": "12.77KB",
                "USize": 13076
            },
            "wp9s_duplicator_pro_packages": {
                "Case": 0,
                "Rows": "0",
                "Size": "40.96KB",
                "USize": 41948
            },
            "wp9s_links": {
                "Case": 0,
                "Rows": "0",
                "Size": "1KB",
                "USize": 1024
            },
            "wp9s_options": {
                "Case": 0,
                "Rows": "1,947",
                "Size": "2.74MB",
                "USize": 2871956
            },
            "wp9s_postmeta": {
                "Case": 0,
                "Rows": "2,872",
                "Size": "5.3MB",
                "USize": 5561276
            },
            "wp9s_posts": {
                "Case": 0,
                "Rows": "376",
                "Size": "1.11MB",
                "USize": 1167168
            },
            "wp9s_redirection_404": {
                "Case": 0,
                "Rows": "0",
                "Size": "4KB",
                "USize": 4096
            },
            "wp9s_redirection_groups": {
                "Case": 0,
                "Rows": "2",
                "Size": "4.07KB",
                "USize": 4168
            },
            "wp9s_redirection_items": {
                "Case": 0,
                "Rows": "1",
                "Size": "17.09KB",
                "USize": 17500
            },
            "wp9s_redirection_logs": {
                "Case": 0,
                "Rows": "0",
                "Size": "1KB",
                "USize": 1024
            },
            "wp9s_term_relationships": {
                "Case": 0,
                "Rows": "47",
                "Size": "6.05KB",
                "USize": 6191
            },
            "wp9s_term_taxonomy": {
                "Case": 0,
                "Rows": "57",
                "Size": "8.7KB",
                "USize": 8908
            },
            "wp9s_termmeta": {
                "Case": 0,
                "Rows": "64",
                "Size": "13.06KB",
                "USize": 13376
            },
            "wp9s_terms": {
                "Case": 0,
                "Rows": "57",
                "Size": "14.64KB",
                "USize": 14988
            },
            "wp9s_usermeta": {
                "Case": 0,
                "Rows": "125",
                "Size": "25.21KB",
                "USize": 25812
            },
            "wp9s_users": {
                "Case": 0,
                "Rows": "2",
                "Size": "8.27KB",
                "USize": 8464
            },
            "wp9s_wc_download_log": {
                "Case": 0,
                "Rows": "0",
                "Size": "1KB",
                "USize": 1024
            },
            "wp9s_wc_product_meta_lookup": {
                "Case": 0,
                "Rows": "11",
                "Size": "10.54KB",
                "USize": 10792
            },
            "wp9s_wc_webhooks": {
                "Case": 0,
                "Rows": "2",
                "Size": "3.36KB",
                "USize": 3440
            },
            "wp9s_woocommerce_api_keys": {
                "Case": 0,
                "Rows": "1",
                "Size": "6.22KB",
                "USize": 6368
            },
            "wp9s_woocommerce_attribute_taxonomies": {
                "Case": 0,
                "Rows": "2",
                "Size": "3.09KB",
                "USize": 3160
            },
            "wp9s_woocommerce_downloadable_product_permissions": {
                "Case": 0,
                "Rows": "0",
                "Size": "1KB",
                "USize": 1024
            },
            "wp9s_woocommerce_log": {
                "Case": 0,
                "Rows": "0",
                "Size": "1KB",
                "USize": 1024
            },
            "wp9s_woocommerce_order_itemmeta": {
                "Case": 0,
                "Rows": "0",
                "Size": "118.78KB",
                "USize": 121628
            },
            "wp9s_woocommerce_order_items": {
                "Case": 0,
                "Rows": "0",
                "Size": "13.84KB",
                "USize": 14176
            },
            "wp9s_woocommerce_payment_tokenmeta": {
                "Case": 0,
                "Rows": "0",
                "Size": "1KB",
                "USize": 1024
            },
            "wp9s_woocommerce_payment_tokens": {
                "Case": 0,
                "Rows": "0",
                "Size": "1KB",
                "USize": 1024
            },
            "wp9s_woocommerce_sessions": {
                "Case": 0,
                "Rows": "1",
                "Size": "219.14KB",
                "USize": 224396
            },
            "wp9s_woocommerce_shipping_zone_locations": {
                "Case": 0,
                "Rows": "4",
                "Size": "4.16KB",
                "USize": 4264
            },
            "wp9s_woocommerce_shipping_zone_methods": {
                "Case": 0,
                "Rows": "2",
                "Size": "2.09KB",
                "USize": 2136
            },
            "wp9s_woocommerce_shipping_zones": {
                "Case": 0,
                "Rows": "2",
                "Size": "2.06KB",
                "USize": 2112
            },
            "wp9s_woocommerce_tax_rate_locations": {
                "Case": 0,
                "Rows": "0",
                "Size": "1KB",
                "USize": 1024
            },
            "wp9s_woocommerce_tax_rates": {
                "Case": 0,
                "Rows": "0",
                "Size": "1KB",
                "USize": 1024
            },
            "wp9s_wpfm_backup": {
                "Case": 0,
                "Rows": "0",
                "Size": "1KB",
                "USize": 1024
            }
        }
    },
    "Status": 1
}